id,username,password,read_book
1,thorke,cLQ^C#oFXloS,"27036539,27036539,27036539"
2,fmercury,mvNNbc1eLA$i,
3,mjackson,vpwJv4A7%#9b,
4,zhq,Zhq1552094108,27036538
5,11111,Zhq1552094108,
6,jz,abcd1A23,
7,pmccartney,abcd1A23,
8,pmccartney,abcd1A23,
9,jz,abcd1A23,
10,pmccartney,abcd1A23,
11,pmccartney,abcd1A23,
12,jz,abcd1A23,
13,pmccartney,abcd1A23,
14,pmccartney,abcd1A23,
15,jz,abcd1A23,
16,pmccartney,abcd1A23,
17,pmccartney,abcd1A23,
18,jz,abcd1A23,
19,pmccartney,abcd1A23,
20,pmccartney,abcd1A23,
21,jz,abcd1A23,
22,pmccartney,abcd1A23,
23,pmccartney,abcd1A23,
24,jz,abcd1A23,
25,pmccartney,abcd1A23,
26,pmccartney,abcd1A23,
27,jz,abcd1A23,
28,pmccartney,abcd1A23,
29,pmccartney,abcd1A23,
30,jz,abcd1A23,
31,pmccartney,abcd1A23,
32,pmccartney,abcd1A23,
33,jz,abcd1A23,
34,pmccartney,abcd1A23,
35,pmccartney,abcd1A23,
36,jz,abcd1A23,
37,pmccartney,abcd1A23,
38,pmccartney,abcd1A23,
39,jz,abcd1A23,
40,pmccartney,abcd1A23,
41,pmccartney,abcd1A23,
42,jz,abcd1A23,
43,pmccartney,abcd1A23,
44,pmccartney,abcd1A23,
45,jz,abcd1A23,
46,pmccartney,abcd1A23,
47,pmccartney,abcd1A23,
48,jz,abcd1A23,
49,pmccartney,abcd1A23,
50,pmccartney,abcd1A23,
51,gmichael,CarelessWhisper1984,
52,jz,abcd1A23,
53,pmccartney,abcd1A23,
54,pmccartney,abcd1A23,
55,gmichael,CarelessWhisper1984,
56,jz,abcd1A23,
57,pmccartney,abcd1A23,
58,pmccartney,abcd1A23,
59,gmichael,CarelessWhisper1984,
60,jz,abcd1A23,
61,pmccartney,abcd1A23,
62,pmccartney,abcd1A23,
63,gmichael,CarelessWhisper1984,
64,gmichael,CarelessWhisper1984,
65,jz,abcd1A23,
66,pmccartney,abcd1A23,
67,pmccartney,abcd1A23,
68,gmichael,CarelessWhisper1984,
69,gmichael,CarelessWhisper1984,
70,jz,abcd1A23,
71,pmccartney,abcd1A23,
72,pmccartney,abcd1A23,
73,gmichael,CarelessWhisper1984,
74,jz,abcd1A23,
75,pmccartney,abcd1A23,
76,pmccartney,abcd1A23,
77,gmichael,CarelessWhisper1984,
78,jz,abcd1A23,
79,pmccartney,abcd1A23,
80,pmccartney,abcd1A23,
